{
    "type": "Conduit",
    "name": "Железная-труба",
	   "description": "Труба-для воды",
    "category": "liquid",
    "health": 140,
    "liquidCapacity": 16,
    "liquidPressure": 1.025,
    "requirements": [
        {"item": "Графит", "amount": 1},
        {"item": "Металстекло", "amount": 2},
        {"item": "Композит", "amount": 2}
    ],
    "research": "Механическое ядро"

     "objectives": [
	    {
        "type": "OnSector"
		"preset": "Водострой"
		}
	]
}