{
    "type": "Conduit",
    "name": "Пластаная-труба",
	   "description": "ll Труба",
    "category": "liquid",
    "health": 160,
    "liquidCapacity": 15,
    "liquidPressure": 1.050,
    "requirements": [
        {"item": "Графит", "amount": 1},
        {"item": "Металстекло", "amount": 2},
        {"item": "Композит", "amount": 2}
    ],
    "research": "Железная-труба"

     "objectives": [
	    {
        "type": "OnSector"
		"preset": "Водострой"
		}
	]
}