{
	"type": "flying",
	"name": "Моно",
	"description": "Первоначальный дрон",
	"defaultController": "MinerAI",
    "itemCapacity": 30,
    "isEnemy": "false",
    "defaultCommand": "mine",

    "flying": true,
    "drag": 0.06,
    "accel": 0.12,
    "speed": 3.0,
    "health": 225,
    "engineSize": 1.8,
    "engineOffset": 5.7,
    "range": 50,

    "ammoType":{
    "type":"PowerAmmoType",
    },

    "mineTier": 1,
    "mineSpeed": 3,
    "engineOffset": 0,
    "research": "Воздушная-Фабрика",

}