{
  "name": "Железний-Конвейор",
  "localizedName": "Железний-Конвейор",
  "description": "довольно быстрый конвеер",
  "category": "distribution",
  "destroyEffect": "doorclose",
  "speed": 0.10,
  "displayedSpeed": 0.10,
  "health": 100,
  "acceptsItems": true,
  "type": "Conveyor"
  "requirements": [
    "Железо/1"
]

"research": {
    "parent": "Механическое ядро"
    "requirements": [
        "Железо/10"
 ]
}
}