{
  "name": "Пластановый-Конвеер",
  "localizedName": "Пластановый-Конвеер",
  "description": "Передвигает-10 предметов",
  "category": "distribution",
  "destroyEffect": "doorclose",
  "speed": 0.2,
  "displayedSpeed": 0.2,
  "health": 700,
  "itemCapacity": 10,
  "acceptsItems": true,
  "requirements": [
    {
      "item": "Пластан",
      "amount": 3
    }
    {
      "item": "Торий",
      "amount": 2
    }
  ],
  "research": "Титановый-Конвеер",
  "type": "StackConveyor"
}