{
  "name": "Титановый-Конвеер",
  "localizedName": "Титановый-Конвеер",
  "description": "быстрый конвеер",
  "category": "distribution",
  "destroyEffect": "doorclose",
  "speed": 0.2,
  "displayedSpeed": 0.2,
  "health": 100,
  "acceptsItems": true,
  "type": "Conveyor"
  "requirements": [
    "Железо/1"
]

"research": {
    "research": "Железний-Конвейор"
    "parent": "Мостовой-конвер"
    "requirements": [
        "Титан/1"
 ]
}
}