{
  "localizedName": "Desert",
  "description": "задача захватить сектор",
  "captureWave": 21,
  "difficulty": 2,
  "alwaysUnlocked": false,
  "addStartingItems": true,
  "startWaveTimeMultiplier": 4,
  "useAI": "false",
  "showSectorLandInfo": true,
  "planet": "Кибертрон",
  "name": "Desert",
  "objectives": [
	    {
        "type": "OnSector"
  "preset": "Споровий-лес"
		}
	]

  "sector": 8,
  "research": {
    "parent": "Плавильня-Композита"
}
}