{
  "localizedName": "ДальныеОстрова",
  "description": "задача захватить сектор",
  "captureWave": 20,
  "difficulty": 2,
  "alwaysUnlocked": false,
  "addStartingItems": true,
  "startWaveTimeMultiplier": 3,
  "useAI": "false",
  "showSectorLandInfo": true,
  "planet": "Кибертрон",
  "name": "ДальныеОстрова",
  "objectives": [
	    {
        "type": "OnSector"
		"preset": "Медь"
		}
	]

  "sector": 14,
  "research": {
    "parent": "Медь"
}
}