{
  "localizedName": "Производительний-Сектор",
  "description": "Производительний-Сектор",
  "captureWave": 25,
  "difficulty": 2,
  "alwaysUnlocked": false,
  "addStartingItems": true,
  "startWaveTimeMultiplier": 5,
  "useAI": "false",
  "showSectorLandInfo": true,
  "planet": "Кибертрон",
  "name": "Производительний-Сектор",
  "objectives": [
	    {
        "type": "OnSector"
		"preset": "Соляние-Шахти"
		}
	]

  "sector": 47,
  "research": {
    "parent": "Водострой"
}
}