{
  "type": "PowerNode",
  "name": "Повер-нод",
  "size": 1,
  "health": 50,
  "laserRange": 7,
  "maxNodes": 10,
  "hasPower": true,
  "placeableLiquid": "true",
  "laserColor1": "FFFFFFFF",
  "laserColor2": "CCE7FFFF",
  "category": "power",
  "requirements": [
    {
      "item": "Медь",
      "amount": 1
    },
    {
      "item": "Свинец",
      "amount": 3
    },
    {
      "item": "Композит",
      "amount": 2
    }
  ],
  "research": "Угольный-Генератор"
}