{
  "type": "PowerNode",
  "name": "Повер-нод-большой",
  "size": 2,
  "health": 100,
  "laserRange": 15,
  "maxNodes": 15,
  "hasPower": true,
  "placeableLiquid": "true",
  "laserColor1": "FFFFFFFF",
  "laserColor2": "CCE7FFFF",
  "category": "power",
  "requirements": [
    {
      "item": "Медь",
      "amount": 10
    },
    {
      "item": "Свинец",
      "amount": 20
    },
    {
      "item": "Композит",
      "amount": 40
    }
  ],
  "research": "Power-Node"
}